internalid,模块,子模块,name,前置条件,steps,expectresult,测试结果,备注
,版本更新,版本更新,版本更新检查,未更新最新版本的APP,打开APP,弹出更新界面，，如不更新，不能进行任何操作，下次进入APP还会弹出跟新弹框,,
,欢迎页,欢迎页,手机未开通指纹解锁，欢迎页检查,手机未开通指纹解锁或无指纹解锁功能的手机，且app未退出登录,1、打开电子驾照APP,1、您的智慧交通助手”八个字逐字出现（每个字大约为0.4S），大约3s后，直接进入首页,,
,欢迎页,欢迎页,手机开通指纹解锁，欢迎页检查,手机未开通指纹解锁或无指纹解锁功能的手机，且app未退出登录,"1、打开电子驾照APP
2、非本人解锁
3、本人解锁","1、您的智慧交通助手”八个字逐字出现（每个字大约为0.4S），大约3s后，跳转到指纹解锁界面
2、不能成功解锁：提示指纹匹配失败，请重新验证
3、成功解锁，进入登录界面",,
,欢迎页,欢迎页,用户退出登录，欢迎界面检查,用户退出登录,1、打开电子驾照APP,1、您的智慧交通助手”八个字逐字出现（每个字大约为0.4S），大约3s后，直接进入登录界面,,
,注册,UI,UI检查,用户已下载电子驾照APP,"1、检查界面展示、登录、注册、手机号、验证码输入框、获取验证码按钮、下一步按钮等是否和UI图一致
2、未输入任何信息来回点击登录、注册两个按钮
3、已输入手机号、验证码、密码或一部分内容，来回点击登录、注册两个按钮
4、点击电子驾照服务管理平台协议
5、点击返回，跳转到注册界面
","1、和UI图一致
2、登录、注册界面可以随时互换
3、登录、注册界面可以随时互换
4、能跳转到，协议详情界面，且协议内容正确
5、有返回按钮，且能返回注册界面",,
,注册,输入框检查,手机号输入框检查,用户已下载电子驾照APP,"1、不输入手机号，点击获取验证码
2、不输入手机号，点击下一步
3、输入10位和8位（不足11位）手机号，点击获取验证码
4、输入以非1开头的11位手机号，点击获取验证码
5、输入以12、16开头的11位手机号，点击获取验证码
6、输入电信、移动、联通、虚拟号码各一个正常的手机号，点击获取验证码","1、提示：手机号码不能为空，请输入手机号
2、提示：手机号码不能为空，请输入手机号
3、在输入手机号过程中，输入框后面会出现一个X，点击可以一次性删除内容进行全部删除，不处于编辑状态时，不出现X。提示：请输入正确的手机号
4、提示：请输入正确的手机号
5、提示：请输入正确的手机号
6、能获取，并收到验证码",,
,注册,输入框检查,验证码输入框正确性检查,用户已下载电子驾照APP,"1、输入正常手机号，点击获取验证码
2、输入错误的验证码，点击下一步
3、5分钟内输入正确的验证码，点击下一步

","1、短时间内能获取到验证码，且进入60s倒计时
2、提示：验证码错误
3、能跳转到下一步
",,
,注册,输入框检查,验证码超时输入检查,用户已下载电子驾照APP,"1、输入正常手机号，点击获取验证码
2、时间刚好五分钟后，输入验证码，点击下一步
3、时间过了五分钟，点击下一步","1、短时间内能获取到验证码，且进入60s倒计时
2、可以跳转到下一步
3、提示:验证码错误",,
,注册,输入框检查,重新获取验证码功能验证,用户已下载电子驾照APP,"1、输入正常手机号，点击获取验证码
2、60s内点击获取验证码
3、60s后，点击获取验证码
4、输入之前的验证码，点击下一步
5、输入新获取的验证码，点击下一步","1、短时间内能获取到验证码，且进入60s倒计时
2、无反应
3、能重新获取到验证码
4、提示：验证码错误
5、能跳转到下一步
",,
,注册,输入框检查,验证码获取次数验证,用户已下载电子驾照APP,"1、输入正常手机号，点击获取验证码
2、60s后，点击获取验证码
3、60s后，获取第二次验证码
4、60s后，获取第三次验证码
5、60s后，获取第四次验证码
6、60s后，获取第五、六次验证码
",前四次能正长获取验证码，第五次、6次，提示：验证码发送次数过多，24小时后再试,,
,注册,新号码注册,正常注册功能检查,该手机号以前未注册过电子驾照,"1、输入手机号1361111111
2、点击获取验证码
3、正确输入收到的验证码
4、点击下一步
5、输入十位登录密码和确认密码：mima123456
6、点击确定
7、使用注册的账号进行登录

","1、能正确输入手机号
2、短时间内能获取到验证码
3、可以输入验证码
4、能跳转到设置密码界面
5、可以输入密码和确认密码
6、跳转到登录界面
7、能使用刚注册的手机号登录",,
,注册,重新注册,重新注册正常功能检查,该手机号注册过电子驾照账号,"1、输入手机号1361111111
2、点击获取验证码
3、正确输入收到的验证码
4、点击下一步
5、点击继续注册
6、输入密码和确认密码，并提交
7、使用之前的账号进行登录
8、使用新注册的账号密码登录
9、检查账号相关信息
10、绑定非之前账号的电子驾照

","1、能正确输入手机号
2、能获取验证码
3、4：弹出提示框：当前手机账号已注册，是否重新注册？重新注册会清楚之前账号所有信息
5、跳转到设置密码页
6、能输入密码和确认密码，并跳转到登录界面
7、提示账号或密码错误
8、可以正常登录
9、完全全新的账号，之前账号的信息完全清零
10、账号信息，展示绑定电子驾照的信息（如本人有车，自动绑定本人车辆，无车，无备案车），个人基本信息为空",,
,注册,重新注册,重新注册异常检查,该手机号注册过电子驾照账号,"1、输入手机号1361111111
2、点击获取验证码
3、正确输入收到的验证码
4、点击下一步
5、点击返回登录
6、使用之前的账号进行登录
7、检查账号相关信息

","1、能正确输入手机号
2、能获取验证码
3、4：弹出提示框：当前手机账号已注册，是否重新注册？重新注册会清楚之前账号所有信息
5、跳转到登录界面
6、可以正常登录
7、之前账号的信息完全保留，不发生任何变化",,
,注册,重新注册,重新注册，且绑定原账号的电子驾照,该手机号注册过电子驾照账号,"1、输入手机号1361111111
2、点击获取验证码
3、正确输入收到的验证码
4、点击下一步
5、点击继续注册
6、输入密码和确认密码，并提交
7、使用之前的账号进行登录
8、使用新注册的账号密码登录
9、检查账号相关信息
10、绑定之前账号的电子驾照

","1、能正确输入手机号
2、能获取验证码
3、4：弹出提示框：当前手机账号已注册，是否重新注册？重新注册会清楚之前账号所有信息
5、跳转到设置密码页
6、能输入密码和确认密码，并跳转到登录界面
7、提示账号或密码错误
8、可以正常登录
9、完全全新的账号，之前账号的信息完全清零
10、和电子驾照关联的信息（交通信用、剩余记分、机动车驾驶证智慧服务、违法事故信息）会自动找回来；和账号关联的信息为空（我的模块里面的头像、地址、邮箱）",,
,注册,重新注册,重新注册成功，其它未绑定电子驾照的账号，绑定被重新注册账号的电子驾照功能检查,该手机号注册过电子驾照，且领取过电子驾照,"1、输入手机号1361111111
2、点击获取验证码
3、正确输入收到的验证码
4、点击下一步
5、点击继续注册
6、输入密码和确认密码，并提交
7、登录其它未绑定电子驾照的账号
8、申领被注册账号的电子驾照
9、检查账号相关信息


","1、能正确输入手机号
2、能获取验证码
3、4：弹出提示框：当前手机账号已注册，是否重新注册？重新注册会清楚之前账号所有信息
5、跳转到设置密码页
6、能输入密码和确认密码，并跳转到登录界面
7、可以正常登录
8、可以申领电子驾照
9、和电子驾照关联的信息（交通信用、剩余记分、机动车驾驶证智慧服务、违法事故信息）会自动找回来；和账号关联的信息为空（我的模块里面的头像、地址、邮箱）",,
,注册,设置密码界面,UI检查,已从注册界面，跳转至设置密码界面,"1、UI检查
2、输入密码和确认密码不一致（包括字母大小写、位数等），点击确定
3、输入密码和确认密码小于8位，如：mima123，点击确定
4、输入密码和确定密码等于8位，如:mima1234,点击确定
5、输入密码和确定密码等于16位，如:mima1234,点击确定

",1、默认文字、排版、密码隐藏按钮、输入框提示文字等和UI、原型图一致,,
,注册,设置密码界面,密码和确认密码不一致检查,已从注册界面，跳转至设置密码界面,"1、输入密码，不输入确认密码，点击确定
2、输入确认密码，不输入密码，点击确定
3、输入密码和确认密码大小写不一致，点击确定
4、输入密码和确认密码位数不一致，点击确定
5、输入密码和确认密码，其中一个有空格，点击确定",提示：密码有误,,
,注册,设置密码界面,密码和确认密码一致，密码输入检查,已从注册界面，跳转至设置密码界面,"1、输入7位数字、字符组合，点击确定
2、输入8位数字、字符组合，点击确定
3、输入16位数字、字符组合，点击确定
4、输入17位数字、字符组合，点击确定
5、密码中含有汉字，点击确定
6、密码中含有特殊字符，如',','!'等
7、密码中含有空格，点击确定
8、密码只有字母，点击确定
9、密码只有数字，点击确定
10、密码只有特殊字符，点击确定
11、密码含，字母、数字、特俗字符两种或三种组合，点击确定
12、密码是同一个数字、字母或特殊字符，点击确定
13、密码是顺子、或倒叙，点击确定","1、确定按钮置灰，不能点击
2、设置成功
3、设置成功
4、提示:密码位数不正确（需确认）
5、不能输入汉字
6、设置成功
7、不能输入空格
8、设置成功
9、设置成功
10、设置成功
11、设置成功
12、提示：密码安全等级过低，请重新设置密码
13、提示：密码安全等级过低，请重新设置密码",,
,登录,登录界面,UI检查,用户注册了电子驾照账号,"1、检查界面展示、登录、注册、手机号、密码输入框、登录按钮、忘记密码按钮、手机号密码输入框提示语、密码隐藏显示的排版等
2、新下载APP，或清空数据后手机输入框默认UI检查
3、获取上次登录账号UI检查
","1、和UI设计图一致
2、默认文字，请输入手机号
3、默认获取上次登录账号，输入框后有清楚按钮，点击全部清除",,
,登录,登录界面,手机号输入框检查,用户注册了电子驾照账号,"1、不输入手机号，只输入密码，点击登录
2、输入位数不足11位的手机号，输入密码，点击登录
3、输入以非1开头的手机号，输入密码，点击登录
4、输入汉字、字母、特殊符号、空格等，输入密码，点击登录
5、输入未注册的手机号，密码，点击登录
6、输入注册好的手机号，和正确密码，点击登录
7、不输入手机号，不输入密码，点击登录","1、提示:账号为空
2、编辑状态后面会出现一键删除按钮X，点击登录后提示：账号不正确
3、提示：账号不正确
4、只能输入数字
5、提示：账号或密码不正确（需确认）
6、成功登录，进入首页
7、提示：账号为空",,
,登录,登录界面,密码输入框检查,用户注册了电子驾照账号,"1、输入手机号，不输入密码，点击登录
2、输入手机号，输入正确的密码，点击登录
3、输入手机号，输入错误的密码，点击登录
4、输入手机号，输入密码，但中间或开始结尾有空格，点击登录
5、输入，大小写相反的密码，点击登录","1、提示：密码为空
2、正常登录，跳转到首页
3、提示，密码或账号错误
4、提示密码或账号错误
5、提示密码或账号错误",,
,忘记密码,忘记密码,UI检查,用户注册了电子驾照账号,"1、检查整体界面布局、各个字段及输入框是否和UI图一致
2、手机号码输入框、验证码输入框默认提示语是否正确
","1、和UI设计图一致
2、默认文字正确",,
,忘记密码,忘记密码,手机号输入框，获取验证码检查,用户注册了电子驾照账号,"1、输入不足11位手机号，点击获取验证码
2、输入超过11位手机号，点击获取验证码
3、输入首位不为1的，不合规手机号，点击获取验证码
4、输入未注册的手机号，点击获取验证码
5、输入已注册过的手机号，点击获取验证码","1、提示：手机位数不对
2、最多只能输入11位
3、提示：手机号码不正确
4、提示：使用注册时的手机号码
5、验证码已发送，请注意查收，进入60S倒计时，且能收到验证码",,
,忘记密码,忘记密码,验证码输入框检查,用户注册了电子驾照账号,"1、输入已注册手机号，点击获取验证码
2、输入不足四位验证码，点击下一步
3、输入超过四位验证码
4、输入错误的验证码，点击下一步
5、超过5分钟后，输入验证码
6、输入非数字的其它字符
7、60s倒计时后，重新回去验证码
8、输入之前的验证码
9、输入刚获得的验证码","1、验证码已发送，请注意查收，进入60S倒计时，且能收到验证码
2、提示验证码错误
3、最多只能输入4位数字
4、提示：验证码错误
5、提示：验证码错误
6、不能输入非数字的字符
7、重新进入倒计时，且能收到验证码
8、提示：验证码错误
9、成功跳转到下一步",,
,忘记密码,忘记密码,已申领电子驾照账号，忘记密码流程检查,账号已绑定电子驾照,"1、输入手机号并获取验证码，点击下一步
2、输入电子驾照相关信息，并点击下一步
3、输入新密码和确认密码，点击下一步
4、使用修改前的密码进行登录
5、使用修改后的账号、密码登录","1、可以正常输入手机号，验证码、并跳转到验证电子驾照信息页
2、可以输入电子驾照相关信息，并跳转至设置新密码页
3、可以输入新密码和确认密码，并能设置成功
4、不能登录
5、可以成功登录",,
,忘记密码,忘记密码,未申领电子驾照，额昂及密码流程检查,账号未绑定电子驾照,"1、输入手机号并获取验证码，点击下一步
2、输入新密码和确认密码，点击下一步
3、使用修改前的密码进行登录
4、使用修改后的账号、密码登录","1、可以正常输入手机号，验证码、并跳转到验证电子驾照信息页
2、可以输入新密码和确认密码，并能设置成功
3、不能登录
4、可以成功登录",,
,忘记密码,电子驾照信息页,UI检查,账号已绑定电子驾照，且忘记密码页面，已通过,"1、检查姓名、身份证、驾驶证档案编号输入框等各个字段及排版是否和UI一致
2、姓名、身份证、驾驶证档案编号输入框，默认信息是否正确","1、和UI一致
2、输入框默认信息正确",,
,忘记密码,电子驾照信息页,输入框检查,账号已绑定电子驾照，且忘记密码页面，已通过,"1、姓名、身份证、驾驶证档案编号，有输入框未输入
2、姓名、身份证、驾驶证档案编号，三者信息不一致
3、姓名、身份证、驾驶证档案编号，三者信息一致，但和账号不一致
4、输入和账号完全匹配的姓名、身份证、驾驶证档案编号
","1、下一步按钮智慧
2、提示：信息输入不正确
3、提示：信息输入不正确
4、跳转到修改密码界面",,
,忘记密码,设置密码,UI检查,已在平台注册账号,"1、UI检查
2、输入密码和确认密码不一致（包括字母大小写、位数等），点击确定
3、输入密码和确认密码小于8位，如：mima123，点击确定
4、输入密码和确定密码等于8位，如:mima1234,点击确定
5、输入密码和确定密码等于16位，如:mima1234,点击确定

",1、默认文字、排版、密码隐藏按钮、输入框提示文字等和UI、原型图一致,,
,忘记密码,设置密码,密码和确认密码不一致检查,已在平台注册账号,"1、输入密码，不输入确认密码，点击确定
2、输入确认密码，不输入密码，点击确定
3、输入密码和确认密码大小写不一致，点击确定
4、输入密码和确认密码位数不一致，点击确定
5、输入密码和确认密码，其中一个有空格，点击确定",提示：密码有误,,
,忘记密码,设置密码,密码和确认密码一致，密码输入检查,已在平台注册账号,"1、输入7位数字、字符组合，点击确定
2、输入8位数字、字符组合，点击确定
3、输入16位数字、字符组合，点击确定
4、输入17位数字、字符组合，点击确定
5、密码中含有汉字，点击确定
6、密码中含有特殊字符，如',','!'等
7、密码中含有空格，点击确定
8、密码只有字母，点击确定
9、密码只有数字，点击确定
10、密码只有特殊字符，点击确定
11、密码含，字母、数字、特俗字符两种或三种组合，点击确定
12、密码是同一个数字、字母或特殊字符，点击确定
13、密码是顺子、或倒叙，点击确定","1、确定按钮置灰，不能点击
2、设置成功
3、设置成功
4、提示:密码位数不正确（需确认）
5、不能输入汉字
6、设置成功
7、不能输入空格
8、设置成功
9、设置成功
10、设置成功
11、设置成功
12、提示：密码安全等级过低，请重新设置密码
13、提示：密码安全等级过低，请重新设置密码",,
,首页,tab菜单栏转换,首页、我的、爱车三个tab之检查,用户已登录电子驾照,1、随意点击三个tab进行来回替换,能很流畅的进行转换，不会出现卡顿、不能转换的现象,,
,首页,首页,UI检查,用户已登录电子驾照,"1、上滑检查驾驶证、行驶证UI检查
2、消息总入口图标UI检查
3、卡片去UI检查
4、常用业务区UI检查
5、资讯区UI检查
6、智慧服务区UI检查",和UI一致,,
,首页,强制弹框,发送通知不允许授权检查,用户已注册，且从未登录,"1、用户登录进入电子驾照APP
2、检查弹框展示及文字
3、选择不允许
4、在手机设置里面打开，允许接收消息
","1、弹出发送消息授权弹框
2、弹框UI及文字展示正确
3、当有通知消息时，接收不到
4、可以收到通知消息",,
,首页,强制弹框,发送通知允许授权检查,用户已注册，且从未登录,"1、用户登录进入电子驾照APP
2、检查弹框展示及文字
3、选择允许
4、在手机设置里面，不允许接收消息
","1、弹出发送消息授权弹框
2、弹框UI及文字展示正确
3、当有通知消息时，可以接收到通知消息
4、可能收到通知消息",,
,首页,强制弹框,允许 授权GPS定位功能检查,用户已注册，且从未登录,"1、用户登录进入电子驾照APP
2、检查弹框展示及文字
3、选择允许
4、选择允许
5、再手机设置中，设置限制电子驾照APP使用GPS定位
","1、弹出发送消息授权弹框
2、弹框UI及文字展示正确
3、弹出GPS授权弹框
4、在使用地图等需要定位的功能时，能准确定位，且不会再弹出授权弹框
5、使用定位功能时，需弹出授权弹框，根据用户授权，决定是否准确定位",,
,首页,强制弹框,不允许 授权GPS定位功能检查,用户已注册，且从未登录,"1、用户登录进入电子驾照APP
2、检查弹框展示及文字
3、选择允许
4、选择不允许
5、在手机设置中，授权电子驾照APP能使用GPS定位功能
","1、弹出发送消息授权弹框
2、弹框UI及文字展示正确
3、弹出GPS授权弹框
4、在使用地图等需要定位的功能时，弹出授权弹框，根据用户是否授权，决定是否准确定位
5、在使用地图等需要定位的功能时，能准确定位，且不会再弹出授权弹框",,
,首页,强制弹框,授权无线局域网和蜂窝移动网数据访问功能检查,用户已注册，且从未登录,"1、用户登录进入电子驾照APP
2、检查弹框展示及文字
3、选择允许
4、选择不允许
5、选择访问行驶
6、在手机设置里面，选择其它网络访问形式
","1、弹出发送消息授权弹框
2、弹框UI及文字展示正确
3、弹出GPS授权弹框
4、弹出无线数据网络使用授权弹框
5、根据用户选择的网络形式，才能访问数据
6、根据用户选择的网络形式，才能访问数据",,
,首页,界面优化效果,首页界面优化效果检查,用户已注册，且已登录,1、用户向上滑动到底，再继续上滑,出现弹簧效果,,
,首页,导航栏,用户未领取电子驾照快捷入口检查,用户未领取电子驾照,"1、用户向上滑动
2、向下滑动","1、出现，电子驾照、消息中心
2、电子驾照、消息中心消失",,
,首页,导航栏,用户已领取电子驾照快捷入口检查,用户已领取电子驾照,"1、用户向上滑动
2、向下滑动","1、出现，电子驾照、行驶证、消息中心
2、电子驾照、行驶证、消息中心消失",,
,首页,导航栏,用户电子驾照快捷入口检查,用户未领取电子驾照,"1、向下滑动
2、点击快捷入口
3、按流程申领电子驾照
4、首页再次向下滑动
5、再次点击电子驾照快捷入口
6、检查电子驾照展示页面
7、点击行驶证快捷入口
","1、左上角出现电子驾照，快捷入口，未出现行驶证快捷入口
2、跳转到申领电子驾照界面
3、成功申领电子
4、左上角出现电子驾照及行驶证快捷入口
5、跳转到电子驾照展示页
6、电子驾照页面展示及各个字段正确
7、可跳转到绑定行驶证界面、或电子行驶证界面",,
,首页,导航栏,本人有车辆及行驶证，电子行驶证检查,用户已申领电子驾照,"1、上滑并点击行驶证快捷入口
",1、跳转到电子行驶证界面,,
,首页,导航栏,本人无机动车辆且未绑定他人车辆，电子行驶证内容及展示顺序检查,用户已申领电子驾照,"1、上滑并点击行驶证快捷入口
2、按流程备案他人车辆
3、再次点击行驶证快捷入口
4、再次绑定一辆非本人车辆，再次进入电子行驶证
5、用户购买了一辆车，且有行驶证，再次进入行驶证
","1、跳转机动车绑定界面
2、成功绑定
3、跳转到电子行驶证界面
4、展示第一次绑定的非本人车辆
5、展示本人行驶证",,
,首页,导航栏,消息中心入口，数量检查,消息中心无消息或未读消息,"1、查看消息中心入口
2、收到2条消息
3、进入消息中心查看其中一条消息
4、再智慧服务查看一条消息
5、再次收到两条消息
6、在智慧服务删除一条消息
7、在消息中心删除一条消息","1、数量为0
2、数量为2
3、数量变为1
4、数量变为0
5、数量变为2
6、数量还是2
7、数量为1",,
,首页,消息,用户首次登录，申领电子驾照消息检查,用户首次登录,"1、用户登录电子驾照
2、在消息中心查看，并彻底删除
3、用户不领取电子驾照一个月后再次查看
4、用户领取电子驾照，一个月后再次查看","1、收到领取电子驾照信息
2、查看后，会跳转到申领电子驾照姐买你，消息中心、智慧服务的消息状态变为已查看，删除后，智慧服务和消息中心都会删除
3、再次收到系统推送的领取驾照信息
4、申领成功后，会自动删除智慧服务和消息中心的该消息，一月后用户不会再接收到领取电子驾照信息",,
,首页,消息,用户名下有车，申领电子驾照，备案机动车检查,用户未申领电子驾照，且名下有车,1、申领电子驾照,"1、成功申领电子驾照，智慧服务和消息中心收不到备案机动车消息提醒
",,
,首页,消息,机动车备案消息接收、查看、删除检查,用户未申领电子驾照，且名下没车,"1、申领电子驾照
2、在消息中心查看，并彻底删除
3、用户不领取电子驾照一个月后再次查看
4、用户领取电子驾照，一个月后再次查看","1、成功申领电子驾照，智慧服务和消息中心收到备案机动车消息提醒
2、查看后，会跳转到申领电子驾照姐买你，消息中心、智慧服务的消息状态变为已查看，删除后，智慧服务和消息中心都会删除
3、再次收到系统推送的领取驾照信息
4、申领成功后，会自动删除智慧服务和消息中心的该消息，一月后用户不会再接收到领取电子驾照信息",,
,首页,消息,机动车主本人解除，他人备案机动车消息提醒检查,机动车主申领了电子驾照，且车被他人备案,1、车主解绑备案本人车辆的一个用户,1、被解绑用户收到解绑消息，其它备案此车用户，不能收到此消息，车主也不会收到此消息,,
,首页,消息,备案人解除，他人备案机动车消息提醒检查,机动车主申领了电子驾照，且车被他人备案,1、备案本人解除备案车辆的,1、解除人、其它备案人、车主本人，都不会收到解除备案消息,,
,首页,消息,解除备案提醒消息接收、查看、删除检查,机动车主申领了电子驾照，且车被他人备案,"
1、在智慧服务查看消息，并检查消失内容和收到时间（一分钟内、一小时内、今天、昨天、今年、今年之前）各状态展示
2、在消息中心查看消息
3、在智慧服务删除消息
4、在消息中心删除消息","
1、消息中心入口的数量会减少
，智慧服务被查看消息的状态会改变，但消息中心的状态是已查看，消息内容正确，接收消息时间展示正确
2、消息中心入口的数量会减少
，智慧服务、消息中心被查看消息的状态都会改变，消息内容正确
3、智慧服务被删除，但消息中心内未被删除
4、消息中心和智慧服务的消息都被删除",,
,首页,消息,周一限号提醒检查,用户绑定了车辆,"1、检查智慧服务或消息中心
2、当点开车，出行到离一环路五公里","1、牌照尾号为1或6的车辆，当天凌晨0点会收到限号提醒消息，其它车牌的车辆不会收到消息
2、牌照尾号为1或6的车辆，会收到时时提醒，其它车牌的车辆不会收到消息",,
,首页,消息,周二限号提醒检查,用户绑定了车辆,"1、检查智慧服务或消息中心
2、当点开车，出行到离一环路五公里","1、牌照尾号为2或7的车辆，当天凌晨0点会收到限号提醒消息，其它车牌的车辆不会收到消息
2、牌照尾号为2或7的车辆，会收到时时提醒，其它车牌的车辆不会收到消息",,
,首页,消息,周三限号提醒检查,用户绑定了车辆,"1、检查智慧服务或消息中心
2、当点开车，出行到离一环路五公里","1、牌照尾号为3或8的车辆，当天凌晨0点会收到限号提醒消息，其它车牌的车辆不会收到消息
2、牌照尾号为3或8的车辆，会收到时时提醒，其它车牌的车辆不会收到消息",,
,首页,消息,周四限号提醒检查,用户绑定了车辆,"1、检查智慧服务或消息中心
2、当点开车，出行到离一环路五公里","1、牌照尾号为4或9的车辆，当天凌晨0点会收到限号提醒消息，其它车牌的车辆不会收到消息
2、牌照尾号为4或9的车辆，会收到时时提醒，其它车牌的车辆不会收到消息",,
,首页,消息,周五限号提醒检查,用户绑定了车辆,"1、检查智慧服务或消息中心
2、当点开车，出行到离一环路五公里","1、牌照尾号为5或0的车辆，当天凌晨0点会收到限号提醒消息，其它车牌的车辆不会收到消息
2、牌照尾号为5或0的车辆，会收到时时提醒，其它车牌的车辆不会收到消息",,
,首页,消息,周六限号提醒检查,用户绑定了车辆,"1、检查智慧服务或消息中心
2、当点开车，出行到离一环路五公里",所有车辆都不会收到限号提醒消息,,
,首页,消息,周日限号提醒检查,用户绑定了车辆,"1、检查智慧服务或消息中心
2、当点开车，出行到离一环路五公里",所有车辆都不会收到限号提醒消息,,
,首页,消息,限号提醒消息接收、查看、删除检查,用户已备案机动车,"
1、在智慧服务查看消息，并检查消失内容和收到时间（一分钟内、一小时内、今天、昨天、今年、今年之前）各状态展示
2、在消息中心查看消息
3、在智慧服务删除消息
4、在消息中心删除消息","
1、消息中心入口的数量会减少
，智慧服务被查看消息的状态会改变，但消息中心的状态是已查看，消息内容正确，接收消息时间展示正确，第二天自动彻底删除
2、消息中心入口的数量会减少
，智慧服务、消息中心被查看消息的状态都会改变，消息内容正确
3、智慧服务被删除，但消息中心内未被删除
4、消息中心和智慧服务的消息都被删除",,
,首页,消息,机动车年检消息接收、查看、删除检查,用户有机动车,"1、用户年审前30天、15天、7天、3天、2天、1天、当天
2、在智慧服务查看消息，并检查消失内容和收到时间（一分钟内、一小时内、今天、昨天、今年、今年之前）各状态展示
3、在消息中心查看消息
4、在智慧服务删除消息
5、在消息中心删除消息","1、时间节点上都会收到消息提醒
2、消息中心入口的数量会减少
，智慧服务被查看消息的状态会改变，但消息中心的状态是已查看，消息内容正确，接收消息时间展示正确
3、消息中心入口的数量会减少
，智慧服务、消息中心被查看消息的状态都会改变
4、智慧服务被删除，但消息中心内未被删除
5、消息中心和智慧服务的消息都被删除",,
,首页,消息,驾驶证年审消息接收、查看、删除检查,,"1、用户年审前30天、15天、7天、3天、2天、1天、当天
2、在智慧服务查看消息，并检查消失内容和收到时间（一分钟内、一小时内、今天、昨天、今年、今年之前）各状态展示
3、在消息中心查看消息
4、在智慧服务删除消息
5、在消息中心删除消息","1、时间节点上都会收到消息提醒
2、消息中心入口的数量会减少
，智慧服务被查看消息的状态会改变，但消息中心的状态是已查看，消息内容正确，接收消息时间展示正确
3、消息中心入口的数量会减少
，智慧服务、消息中心被查看消息的状态都会改变
4、智慧服务被删除，但消息中心内未被删除
5、消息中心和智慧服务的消息都被删除",,
,首页,消息,驾驶证锁定消息接收、查看、删除检查,,"1、用户年审前30天、15天、7天、3天、2天、1天、当天
2、在智慧服务查看消息，并检查消失内容和收到时间（一分钟内、一小时内、今天、昨天、今年、今年之前）各状态展示
3、在消息中心查看消息
4、在智慧服务删除消息
5、在消息中心删除消息","1、时间节点上都会收到消息提醒
2、消息中心入口的数量会减少
，智慧服务被查看消息的状态会改变，但消息中心的状态是已查看，消息内容正确，接收消息时间展示正确
3、消息中心入口的数量会减少
，智慧服务、消息中心被查看消息的状态都会改变
4、智慧服务被删除，但消息中心内未被删除
5、消息中心和智慧服务的消息都被删除",,
,首页,消息,期满换证消息接收、查看、删除检查,,"1、用户年审前30天、15天、7天、3天、2天、1天、当天
2、在智慧服务查看消息，并检查消失内容和收到时间（一分钟内、一小时内、今天、昨天、今年、今年之前）各状态展示
3、在消息中心查看消息
4、在智慧服务删除消息
5、在消息中心删除消息","1、时间节点上都会收到消息提醒
2、消息中心入口的数量会减少
，智慧服务被查看消息的状态会改变，但消息中心的状态是已查看，消息内容正确，接收消息时间展示正确
3、消息中心入口的数量会减少
，智慧服务、消息中心被查看消息的状态都会改变
4、智慧服务被删除，但消息中心内未被删除
5、消息中心和智慧服务的消息都被删除",,
,首页,消息,超龄换证消息接收、查看、删除检查,,"1、用户年审前30天、15天、7天、3天、2天、1天、当天
2、在智慧服务查看消息，并检查消失内容和收到时间（一分钟内、一小时内、今天、昨天、今年、今年之前）各状态展示
3、在消息中心查看消息
4、在智慧服务删除消息
5、在消息中心删除消息","1、时间节点上都会收到消息提醒
2、消息中心入口的数量会减少
，智慧服务被查看消息的状态会改变，但消息中心的状态是已查看，消息内容正确，接收消息时间展示正确
3、消息中心入口的数量会减少
，智慧服务、消息中心被查看消息的状态都会改变
4、智慧服务被删除，但消息中心内未被删除
5、消息中心和智慧服务的消息都被删除",,
,首页,消息,机动车锁定消息接收、查看、删除检查,,"1、用户年审前30天、15天、7天、3天、2天、1天、当天
2、在智慧服务查看消息，并检查消失内容和收到时间（一分钟内、一小时内、今天、昨天、今年、今年之前）各状态展示
3、在消息中心查看消息
4、在智慧服务删除消息
5、在消息中心删除消息","1、时间节点上都会收到消息提醒
2、消息中心入口的数量会减少
，智慧服务被查看消息的状态会改变，但消息中心的状态是已查看，消息内容正确，接收消息时间展示正确
3、消息中心入口的数量会减少
，智慧服务、消息中心被查看消息的状态都会改变
4、智慧服务被删除，但消息中心内未被删除
5、消息中心和智慧服务的消息都被删除",,
,首页,消息,违法已处理未缴费提醒消息接收、查看、删除检查,,"
1、在智慧服务查看消息，并检查消失内容和收到时间（一分钟内、一小时内、今天、昨天、今年、今年之前）各状态展示
2、在消息中心查看消息
3、在智慧服务删除消息
4、在消息中心删除消息","1、消息中心入口的数量会减少
，智慧服务被查看消息的状态会改变，但消息中心的状态是已查看，消息内容正确，接收消息时间展示正确
2、消息中心入口的数量会减少
，智慧服务、消息中心被查看消息的状态都会改变，消息内容正确
3、智慧服务被删除，但消息中心内未被删除
4、消息中心和智慧服务的消息都被删除",,
,首页,消息,违法已处理提醒消息接收、查看、删除检查,,"
1、在智慧服务查看消息，并检查消失内容和收到时间（一分钟内、一小时内、今天、昨天、今年、今年之前）各状态展示
2、在消息中心查看消息
3、在智慧服务删除消息
4、在消息中心删除消息","
1、消息中心入口的数量会减少
，智慧服务被查看消息的状态会改变，但消息中心的状态是已查看，消息内容正确，接收消息时间展示正确
2、消息中心入口的数量会减少
，智慧服务、消息中心被查看消息的状态都会改变，消息内容正确
3、智慧服务被删除，但消息中心内未被删除
4、消息中心和智慧服务的消息都被删除",,
,首页,消息,一键挪车消息接收、查看、删除检查,,"
1、在智慧服务查看消息，并检查消失内容和收到时间（一分钟内、一小时内、今天、昨天、今年、今年之前）各状态展示
2、在消息中心查看消息
3、在智慧服务删除消息
4、在消息中心删除消息","
1、消息中心入口的数量会减少
，智慧服务被查看消息的状态会改变，但消息中心的状态是已查看，消息内容正确，接收消息时间展示正确
2、消息中心入口的数量会减少
，智慧服务、消息中心被查看消息的状态都会改变，消息内容正确
3、智慧服务被删除，但消息中心内未被删除
4、消息中心和智慧服务的消息都被删除",,
,首页,资讯,无资讯时，咨询模块检查,无资讯,查看资讯模块展示,显示暂无资讯,,
,首页,资讯,只有一条资讯时，咨询模块检查,只有一条资讯,展示一条资讯，点击当条资讯,可以跳转到详情界面,,
,首页,资讯,有超过两条消息时，资讯模块检查,有超过资讯,滚动展示两条资讯，点击每条资讯,展示，对应的智讯，且能返回到首页,,
,首页,推荐业务,安全行驶模块检查,用户注册电子驾照，并登录,"1、点击首页安全行驶
2、各个安全文章读取
3、点击每类型文章，进入二级页面的图表
4、一级页面和二级页面的返回键检查","1、跳转到安全行驶界面
2、包括雨季行车、高速行车、雾霾行车、新手看过来，且每种文章里面的每篇文章都能正常打开，排版正确、文字展示无误
3、只展示当前类型的文章，且且每种文章里面的每篇文章都能正常打开，排版正确、文字展示无误
4、一级和二级页面的返回按钮，都能返回上一界面",,
,首页,推荐业务,温馨服务UI检查,用户注册电子驾照，并登录,"1、点击首页温馨服务
2、检查温馨服务UI
","1、跳转到温馨服务界面
2、排版和展示字段和UI图一致",,
,首页,推荐业务,温馨服务电话客服检查,用户注册电子驾照，并登录,"1、点击电话服务
2、检查弹框展示
3、点击取消
4、点击确定","1、弹出是否拨打客服的提示弹框
2、弹框展示UI、排版、字段、按钮等正确
3、弹框消息
4、调用电话功能拨打客服电话",,
,首页,推荐业务,温馨服务问题提交功能检查,用户注册电子驾照，并登录,"1、不选择问题类型提交
2、不描述问题提交
3、选择不同类型的问题，描述问题后提交
4、点击确定","1、不能成功提交，并提示：请选择问题类型
2、不能成功提交，并提示：请输入您遇到的问题
3、成功提交问题，弹出提示弹框：您的意见已提交成功，谢谢您的反馈！
返回首页
",,
,首页,推荐业务,温馨服务，问题类型选择检查,用户注册电子驾照，并登录,"1、点击问题类型选择
2、选择业务类型
3、选择交警支队","1、弹出业务类型、交警支队选择
2、出现车架管、事故类、秩序类选择按钮，且每个都能选择，且只能选择一种
3、出现交警支队选择按钮，且每个都能选择，且只能选择一种",,
,首页,推荐业务,温馨服务，问题描述字数限制检查,用户注册电子驾照，并登录,"1、输入199个字
2、输入200个字
3、输入201个字","1、2、能成功提交
3、不能成功提交：并提示字数超限",,
,首页,结尾标识,无智慧服务时，结尾标识检查,无智慧服务,查看结尾标识文字及展示是否正确,排在安全行驶后，且文字及排版和UI一致,,
,首页,结尾标识,有智慧服务时，结尾标识检查,有智慧服务,查看结尾标识文字及展示是否正确,排在智慧服务后，且文字及排版和UI一致,,
,首页,卡片区,未申领电子驾照，卡片区检查,用户未申领电子驾照,"1、卡片去UI检查
2、滑动卡片区域","1、展示立即申领电子驾照界面
2、只有一页不能进行左右滑动",,
,首页,卡片区,申领电子驾照，身份信息页UI检查,用户未申领电子驾照,"1、点击左上角返回按钮
2、姓名、身份证输入框提示文字检查
3、下一步按钮检查","1、可以返回主页
2、和原型图提示一致：请输入姓名/身份证
3、未输入姓名身份证时置灰不能点击，输入姓名、身份证后才能点击",,
,首页,卡片区,申领电子驾照，身份信息页，输入框输入内容检查,用户未申领电子驾照,"1、输入不匹配的姓名、身份证点击下一步
2、输入没有驾照的姓名、身份证点击下一步
3、输入非贵阳市的姓名、身份证点击下一步
4、输入贵阳市、且有驾照的姓名、身份证点下一步","1、提示：姓名或身份证错误
2、提示：您暂无驾照
3、提示：您暂无驾照
4、跳转到输入档案编号页",,
,首页,卡片区,申领电子驾照，档案编号页面检查,用户未申领电子驾照,"1、检查UI界面
2、不输入档案编号
3、输入不匹配的或错误的档案编号
4、输入正确的档案编号","1、UI和原型图一致、输入框提示语：请输入档案编号，点击左上角的X,能跳转到未绑定电子驾照的界面
2、确定按钮置灰不能点击
3、提示：档案编号有误，请重新输入
4、提示：绑定成功，并跳回主界面，卡片去展示电子驾照相关信息。且用户不能再申领电子驾照，进入首页的电子驾照二维码界面有相应的信息",,
,首页,卡片区,已申领电子驾照用户UI检查,用户已领取电子驾照,"1、检查卡片区电子驾照布局及字段是否和原型图一致
2、点击分数
3、点击我的二维码","1、和原型图一致
2、跳转到分数详情页
3、跳转到电子驾照二维码界面",,
,首页,卡片区,电子驾照剩余计分检查,用户已领取电子驾照,"
1、剩余计分12分，计分检查
2、剩余计分9分，计分检查
3、剩余计分6分，计分检查
4、剩余计分3分，计分检查
5、剩余计分0分，计分检查",分数展示正确,,
,首页,卡片区,清分日期和分数检查,用户已领取电子驾照,"1、清分日期前一天，检查分数
2、清分日期当天检查分数
3、清分日期后一天检查分数
4、清分日期检查","1、分数不变
2、分数变为12
3、分数不变
4、展示正确的情分日期，具体到天",,
,首页,卡片区,本年计分周期内无扣分、无罚款等违法行为，剩余计分详情页检查,本年计分周期内无扣分、无罚款,"1、剩余计分详情页上半部分检查
2、剩余计分下半部分检查","1、剩余计分12分，清分日期展示正确
2、扣分记录提示：暂无记录",,
,首页,卡片区,本年计分周期内无扣分、有罚款等违法行为，剩余计分详情页检查,本年计分周期内无扣分、有罚款,"1、剩余计分详情页上半部分检查
2、剩余计分下半部分检查","1、剩余计分12分，清分日期展示正确
2、扣分记录提示：暂无记录",,
,首页,卡片区,本年计分周期内有一条扣分、罚款等违法行为，剩余计分详情页检查,本年计分周期内有扣分、有罚款,"1、剩余计分详情页上半部分检查
2、剩余计分下半部分检查","1、剩余计分展示正确为12减当前周期扣分总和，清分日期展示正确
2、展示扣分原因（只展示一行，如一行不能展示完，后面用...）、扣分地点（只展示一行，如一行不能展示完，后面用...）、扣分时间（精确到分钟）和处罚（扣分和罚款金额）",,
,首页,卡片区,本年计分周期内有扣分、无罚款等违法行为，剩余计分详情页检查,本年计分周期内有扣分、无罚款,"1、剩余计分详情页上半部分检查
2、剩余计分下半部分检查","1、剩余计分展示正确为12减当前周期扣分总和，清分日期展示正确
2、展示扣分原因（只展示一行，如一行不能展示完，后面用...）、扣分地点（只展示一行，如一行不能展示完，后面用...）、扣分时间（精确到分钟）和处罚（扣分和罚款金额）",,
,首页,卡片区,本年计分周期内有多条扣分、罚款等违法行为，剩余计分详情页检查,本年计分周期内有扣分、有罚款,"1、剩余计分详情页上半部分检查
2、剩余计分下半部分检查","1、剩余计分展示正确为12减当前周期扣分总和，清分日期展示正确
2、展示扣分原因（只展示一行，如一行不能展示完，后面用...）、扣分地点（只展示一行，如一行不能展示完，后面用...）、扣分时间（精确到分钟）和处罚（扣分和罚款金额）；每条扣分展示一条记录",,
,首页,卡片区,本年计分周期内有扣分、罚款等违法行为，且重新参加学习后，剩余计分详情页检查,本年计分周期内有扣分、有罚款,"1、剩余计分详情页上半部分检查
2、剩余计分下半部分检查","1、剩余计分展示正确为12清分日期展示正确
2、展示扣分原因（只展示一行，如一行不能展示完，后面用...）、扣分地点（只展示一行，如一行不能展示完，后面用...）、扣分时间（精确到分钟）和处罚（扣分和罚款金额）",,
,首页,卡片区,本年计分周期内有扣分、罚款等违法行为，且已处理未交款，违法详情检查,本年计分周期内有扣分、罚款等违法行为，且未处理,"1、首页点击剩余计分
2、点击未处理违法信息
3、检查界面布局及字段展示","1、跳转到剩余计分详情页面
2、跳转到违法处理详情界面
3、上半部展示违法图片（最多三张）；下面展示违法原因、罚分罚款、违法车辆、违法地点、违法时间",,
,首页,卡片区,本年计分周期内有扣分、罚款等违法行为，且已处理已缴费，违法详情检查,本年计分周期内有扣分、罚款等违法行为，且未处理,"1、首页点击剩余计分
2、点击未处理违法信息
3、检查界面布局及字段展示","1、跳转到剩余计分详情页面
2、跳转到违法处理详情界面
3、上半部展示违法图片（最多三张）；下面展示违法原因、罚分罚款、违法车辆、违法地点、违法时间；",,
,首页,卡片区,离线电子驾照二维码检查,已申领电子驾照,"1、首页卡片去点击二维码
2、UI及字段检查
3、用PDA扫描二维码","1、跳转到二维码界面
2、展示和UI一致，展示头像、姓名、准驾车型、有效期和二维码
3、能扫描出用户身份证号码",,
,首页,卡片区,在线电子驾照二维码检查,已申领电子驾照,"1、首页卡片去点击二维码
2、UI及字段检查
3、用PDA扫描二维码","1、跳转到二维码界面
2、展示和UI一致，展示头像、姓名、准驾车型、有效期和二维码
3、能扫描出姓名、性别、准驾车型、累计记分、国籍、住址、出生日期、初次领证日期、有效起始日期、有效起止日期、有效期限、档案编号",,
,首页,卡片区,离线电子驾照二维码安全性检查,已申领电子驾照,"1、使用交警专用PDA扫描
2、使用手机或其它设备烧苗
3、保存二维码，一分钟失效后，扫描之前保存、最新的二维码
4、保存二维码，手动刷新后，扫描之前保存、最新的二维码","1、可以扫描出用户身份证号码
2、扫描不出任何信息
3、失效的二维码无法扫描出任何信息，新的二维码可以扫描出身份信息
4、失效的二维码无法扫描出任何信息，新的二维码可以扫描出身份信息",,
,首页,卡片区,在线电子驾照二维码安全性检查,已申领电子驾照,"1、使用交警专用PDA扫描
2、使用手机或其它设备烧苗
3、保存二维码，一分钟失效后，扫描之前保存、最新的二维码
4、保存二维码，手动刷新后，扫描之前保存、最新的二维码","1、可以扫描出用户身份证号码
2、扫描不出任何信息
3、失效的二维码无法扫描出任何信息，新的二维码可以扫描出身份信息
4、失效的二维码无法扫描出任何信息，新的二维码可以扫描出身份信息",,
,首页,卡片区,申领电子驾照时，已拥有本人车辆，本人车辆绑定检查,未申领电子驾照,"1、检查卡片区展示以及滑动功能
2、用户成功申领电子驾照","1、只有一张，申领电子驾照入口，且不可滑动，卡片布局及字段展示和UI图一致
2、自动绑定本人车辆，且卡片区变为可左右滑动的三张，分别为电子驾照、本人电子行驶证、备案机动车入口，且每张卡片布局及字段展示和UI图一致",,
,首页,卡片区,申领电子驾照时，未拥有本人车辆，本人车辆绑定检查,未申领电子驾照,"1、用户成功申领电子驾照
","1、只有一张，申领电子驾照入口，且不可滑动，卡片布局及字段展示和UI图一致
2、自动绑定本人车辆，且卡片区变为可左右滑动的两张，分别为电子驾照备案机动车入口，且每张卡片布局及字段展示和UI图一致",,
,首页,卡片区,用户拥有多辆本人机动车，卡片区检查,用户已申领电子驾照，且该用户用户三辆非本人机动车,1、检查检查卡片区展示以及滑动功能,1、卡片第一张是电子驾照、第二、三、四张是展示本人机动车卡片，按绑定时间顺序排列，且每张卡片布局及字段展示和UI图一致；后面卡片为非本人机动车、备案机动车入口,,
,首页,卡片区,本人机动车出售，卡片区检查,本人已申领电子驾照，且备案号本人机动车,1、车辆出售，且在交管局备案,1、卡片区，本人机动车卡片删除，其它卡片不变,,
,首页,卡片区,机动车出售，备案非本人机动车用户，卡片区检查,用户备案了出售车辆,1、车辆出售，且在交管局备案,1、卡片区，备案非本人机动车卡片删除，其它卡片不变,,
,首页,卡片区,用户绑定非本人机动车辆，卡片区检查,用户注册了电子驾照账号，且申领了电子驾照,"1、用户备案第一辆非本人机动车
2、用户备案第二辆非本人机动车
3、用户备案第三辆非本人机动车
4、用户备案第四辆非本人机动车



","1、卡片区增加一张刚绑定的非本人机动车卡片，且每卡片布局及字段展示和UI图一致
2、卡片区增加一张刚绑定的非本人机动车卡片，且每卡片布局及字段展示和UI图一致且排在之前备案非本人机动车之后
3、卡片区增加一张刚绑定的非本人机动车卡片，且每卡片布局及字段展示和UI图一致，且备案机动车入口卡片消息且排在之前备案非本人机动车之后
",,
,首页,卡片区,解绑非本人机动车，卡片区检查,用户已绑定非本人机动车,"1、用户解绑一辆非本人机动车
",被解绑的非本人机动车卡片删除，其它卡片不变,,
,首页,卡片区,车主本人解绑，他人备案机动车，被解绑用户卡片区检查,用户已绑定非本人机动车,"1、车主解绑一辆非本人机动车
",被解绑的非本人机动车卡片删除，其它卡片不变,,
,首页,常用业务区,常用业务区UI检查,常用业务区有三个常用业务,"1、常用业务只有三个时，UI检查
2、常用业务增加1个时，UI检查
3、常用业务有3个时，UI检查
4、再增加一个
5、常用业务区减少一个
6、常用业务区减少三个
7、常用业务区减少到三个以下","1、一屏展示,前三个是常用业务，最后一个是更多
2、两屏展示,前四个是常用业务，最后一个是更多
3、两屏展示,前七个是常用业务，最后一个是更多
4、不能再增加
5、两屏展示,前六个是常用业务，最后一个是更多
6、一屏展示,前三个是常用业务，最后一个是更多
7、不能再减少",,
,业务大厅,业务大厅,业务大厅UI检查,用户已注册电子驾照,"1、UI检查
",1、最上面展示我的应用和编辑按钮、然后是驾驶证模块、机动车模块、出行周边模块；驾驶证模块包括：交通信用，机动车模块包括：汽车摇号、车险预估、备案机动车、机动车查验预约、违法信息，出行周边包括：违法举报、文明保修、一件挪车、实时路况,,
,业务大厅,交通信用,交通信用UI检查,用户已注册电子驾照,"1、UI检查
2、点击左上角返回按钮
3、点击有上交信用说明
","1、和ui图一致，上面展示信用等级、提示等，下面展示三个提高信用的办法
2、返回上一界面
3、弹出交通信用说明文案",,
,业务大厅,交通信用,交通信用极好，我的信用展示检查,"信用分（800,1000] ","1、用户信用分801，检查交通信用等级展示
2、用户信用分1000，检查交通信用等级展示",交通信用等级为极好，提示语：您的交通信用分极好，请继续保持，五颗星都是满星,,
,业务大厅,交通信用,交通信用良好，我的信用展示检查,"信用分（500,800] ","1、用户信用分501，检查交通信用等级展示
2、用户信用分800，检查交通信用等级展示",交通信用等级为良好，提示语：您的交通信用分良好，请继续努力，前四颗满星,,
,业务大厅,交通信用,交通信用一般，我的信用展示检查,"信用分（300,500] ","1、用户信用分301，检查交通信用等级展示
2、用户信用分500，检查交通信用等级展示",交通信用等级为一般，提示语：您的交通信用分一般，请多多加油，前三颗满星,,
,业务大厅,交通信用,交通信用较差，我的信用展示检查,"信用分（0,300] ","1、用户信用分1，检查交通信用等级展示
2、用户信用分300，检查交通信用等级展示",交通信用等级为较差，提示语：您的交通信用分一般，请注意交通行为，前两颗满星,,
,业务大厅,交通信用,交通信用极差，我的信用展示检查,"信用分（-∞,0] ","1、用户信用分-56，检查交通信用等级展示
2、用户信用分0，检查交通信用等级展示",交通信用等级为极差，提示语：您的交通信用分极差，请遵守交通法规，一颗满星,,
,业务大厅,交通信用,如何提高征信检查,,"1、点击违法
2、点击事故
3、点击活动
4、点击文明保修
5、点击违法举报","1、规则说明：如果你一个自然月内没有发生交通违法行为，系统会根据规则给予您相应的交通信用分
2、规则说明：如果你一个自然月内没有发生交通事故，系统会根据规则给予您相应的交通信用分
3、规则说明：通过以上业务积极向交通部门反馈影响城市或者 人们出行的损毁的交通公共设施，或者积极举报违反交通车辆及行人可以增加个人交通征信分
4、跳转到文明保修界面
5、跳转到违法举报界面


",,
,业务大厅,汽车摇号,汽车摇号功能检查,,"1、点击汽车摇号
2、检查汽车摇号UI及文字展示
3、点击摇号业务
4、温馨提示点击取消
5、温馨提示点击确定","1、能跳转到汽车摇号界面
2、和UI图一致，且点击左上角返回按钮，能返回上一界面
3、弹出是否进入第三方界面的选择框 
4、弹框消息继续停留在汽车摇号界面
5、进入第三方的汽车摇号界面，能进行摇号相关业务处理",,
,业务大厅,车险评估,用户未绑定本人车辆，车险评估检查,用户未绑定本人车辆,1、点击车险评估,弹出弹框：请备案本人机动车！,,
,业务大厅,车险评估,用户已绑定本人车辆，且只有一辆车，车险评估检查,用户已绑定一辆本人车,"1、点击车险评估
2、检查展示车辆信息是否正确
3、不选车辆点击下一步
4、选择车辆点击下一步
5、检查信息确认页信息是否是选择车辆的信息
6、输入购车价格点击下一步
7、默认较强险检查
8、选择不同的商业保险类型
9、点击车险攻略
10、点击左上角返回按钮","1、跳转到车辆选择界面
2、车牌号、车辆类型、有效期都展示正确
3、不能跳转到下一步，提示请选择预估车辆
4、跳转到信息确认页
5、车辆信息正确
6、只能输入数字，并跳转到车险评估页
7、默认6座以下交强险，其它保险未选择
8、所有保险类型齐全，每种保险里面的类型齐全，且更具选择好的类型计算金额
9、弹出车险攻略，内容正确无错误
10、返回上一界面",,
,业务大厅,车险评估,用户已绑定本人车辆，且有三辆车，车险评估检查,用户已绑定三辆本人车,"1、点击车险评估
2、检查展示车辆信息是否正确
3、不选车辆点击下一步
4、选择任意车辆点击下一步
5、检查信息确认页信息是否是选择车辆的信息
6、输入购车价格点击下一步
7、默认较强险检查
8、选择不同的商业保险类型
9、点击车险攻略
10、点击左上角返回按钮","1、跳转到车辆选择界面
2、车牌号、车辆类型、有效期都展示正确
3、不能跳转到下一步，提示请选择预估车辆
4、跳转到信息确认页
5、车辆信息正确
6、只能输入数字，并跳转到车险评估页
7、默认6座以下交强险，其它保险未选择
8、所有保险类型齐全，每种保险里面的类型齐全，且更具选择好的类型计算金额
9、弹出车险攻略，内容正确无错误
10、返回上一界面",,
,业务大厅,备案机动车,申领电子驾照时，已拥有本人车辆，本人车辆绑定检查,未申领电子驾照,1、用户成功申领电子驾照,1、自动绑定本人车辆,,
,业务大厅,备案机动车,申领电子驾照时，未拥有本人车辆，本人车辆绑定检查,未申领电子驾照,"1、用户成功申领电子驾照
2、用户购买并拥有本人车辆","1、未绑定任何车辆
2、自动绑定本人车辆",,
,业务大厅,备案机动车,本人拥有多辆机动车，本人车辆绑定检查,未申领电子驾照，且本人拥有三辆机动车,1、用户成功申领电子驾照,1、自动绑定用户拥有的所有机动车,,
,业务大厅,备案机动车,申领电子驾照时，本人已拥有机动车，申领后本人再次购买机动车，本人车辆绑定检查,用户已申领电子驾照，且有本人车辆，申领后本人再次购买机动车,1、用户再次购买车辆,1、自动绑定上新添加车辆，之前的车辆信息也一直保存,,
,业务大厅,备案机动车,本人车辆售出后，车辆备案检查,已注册且申领电子驾照的用户，且已备案本人机动车,"1、车辆出售给他人，并在交管局备案
2、检查本人备案机动车，本人备案非本人机动车信息
3、检查他人绑定的本人机动车和非本人机动车信息
4、新车主绑定购买的机动车
5、他人使用交易车辆进行非本人机动车绑定","1、备案成功
2、已出售车辆自动解绑，其它备案车辆信息不变，且在智慧服务和消息中心收到车辆解绑消息
3、他人绑定的出售车辆的非本人机动车自动解绑，其它车辆绑定不变，且在智慧服务和消息中心收到车辆解绑消息，用户可绑定非本人机动车数量更新
4、新车主能成功绑定新购买的机动车
5、可以被三个用户备案非本人机动车",,
,业务大厅,备案机动车,购买二手车，未使用旧车牌号，车主本人备案本人车辆检查,车辆交易后，车辆未使用旧车牌,1、备案本人机动车,1、备案信息展示的是新车牌,,
,业务大厅,备案机动车,购买二手车，未使用旧车牌号，他人备案非本人车辆车辆检查,车辆交易后，车辆未使用旧车牌,"1、使用旧车牌信息进行绑定
2、使用新车牌信息进行绑定","1、不能绑定
2、可以绑定成功",,
,业务大厅,备案机动车,未申领电子驾照的用户，备案机动车检查,用户注册了电子驾照账号，且未申领了电子驾照,"1、在卡片区申请备案机动车
2、在业务大厅里面点击备案机动车","1、在卡片区只有申领电子驾照一个入口，不能左右滑动
2、弹出弹框提示：您暂未绑定驾驶证，无法使用该功能",,
,业务大厅,备案机动车,备案非本人机动车数量上线检查,用户注册了电子驾照账号，且申领了电子驾照,"1、用户备案第一辆非本人机动车
2、用户备案第二辆非本人机动车
3、用户备案第三辆非本人机动车
4、用户备案第四辆非本人机动车


","1、2、3、用户前三两机动车，可以成功绑定
4、不能绑定",,
,业务大厅,备案机动车,非本人机动车，解绑后，备案车辆数量检查,用户已绑定3非本人机动车,"1、用户解绑一辆非本人机动车
2、绑定一辆非本人机动车
3、再绑定一辆非本人机动车","1、解绑成功，且非本人机动车列表无已解绑车辆信息
2、可以成功绑定，且非本人机动车列表，增加刚绑定的车辆
3、不能绑定车辆",,
,业务大厅,备案机动车,非本人机动车，车主本人解绑后，备案车辆数量检查,用户已绑定3非本人机动车,"1、车主本人解绑一辆非本人机动车
2、绑定一辆非本人机动车
3、再绑定一辆非本人机动车","1、解绑成功，且非本人机动车列表无已解绑车辆信息
2、可以成功绑定，且非本人机动车列表，增加刚绑定的车辆
3、不能绑定车辆",,
,业务大厅,备案机动车,绑定已备案非本人车辆检查,用户已绑定有非本人机动车,1、绑定已绑定的非本人机动车,1、不能绑定,,
,业务大厅,备案机动车,同一辆车，被其他人绑定次数限制检查,该车辆未被其它人备案非本人机动车,"1、用户A备案该机动车
2、用户B备案该机动车
3、用户C备案该机动车
4、用户D备案该机动车","1、2、3、成功备案非本人机动车
4、不能备案非本人机动车，并给出合理的提示",,
,业务大厅,备案机动车,同一辆车，被其他车辆备案达到上限后，其中一个用户解绑后，再次备案检查,该车辆以达到非本人备案机动车上线3次,"1、用户A解绑该备案的非本人机动车
2、用户B绑定该机动车
3、用户C绑定该机动车","1、解绑成功
2、备案成功
3、备案失败",,
,业务大厅,备案机动车,同一辆车，被其他车辆备案达到上限后，机动车本人解绑其中一个用户，再次备案检查,该车辆以达到非本人备案机动车上线3次,"1、机动车本人解绑其中一个备案的非本人机动车
2、用户B绑定该机动车
3、用户C绑定该机动车","1、解绑成功
2、备案成功
3、备案失败",,
,业务大厅,备案机动车,使用扫描二维码备案机动车流程检查,用户已申领电子驾照,"1、点击备案机动车
2、选择扫码备案
3、扫描其它已绑定行驶证的用户的行驶证二维码
4、检查扫描出的信息
5、获取验证码并正确填写，点击备案
6、点击完成","1、跳转到备案方式选择界面
2、调用扫描功能
3、能成功扫描二维码，并跳转到备案信息录入界面
4、号牌号码、号牌种类、发动机后6位、车主姓名都已录入成功
5、能获取到验证码，填写后，点击备案，能成功备案，并跳转到备案成功页
6、跳转到首页，卡片区增加一张卡片排在倒数第二张，且记录信息正确",,
,业务大厅,备案机动车,使用扫描手动备案机动车流程检查,用户已申领电子驾照,"1、点击备案机动车
2、选择手动备案
3、手动输入备案信息
4、获取验证码并正确填写，点击备案
5、点击完成","1、跳转到备案方式选择界面
2、跳转到备案信息录入界面
3、能成功录入信息：号牌号码、号牌种类、发动机后6位、车主姓名，且不能更改
4、能获取到验证码，填写后，点击备案，能成功备案，并跳转到备案成功页
5、跳转到首页，卡片区增加一张卡片排在倒数第二张，且记录信息正确",,
,业务大厅,备案机动车,备案机动车，备案方式选择界面UI检查,用户已申领电子驾照,1、点击备案机动车,1、跳转至机动车备案方式选择界面，上半部分展示备案方式：扫描备案、手动备案，备案方式下面展示温馨提示,,
,业务大厅,备案机动车,手动备案机动车，信息录入界面UI检查,用户已申领电子驾照,"1、点击备案机动车
2、选择手动备案
","1、跳转至机动车备案方式选择界面
2、跳转至备案信息录入界面，界面布局、字段展示、输入框提示语及按钮等和UI一致",,
,业务大厅,备案机动车,手动备案机动车，输入框检查,用户已申领电子驾照,"1、点击号牌种类选择
2、号牌号码输入汉字、字母、数字、特殊符号等
3、号牌号码输入位数不对点击备案
4、发动机后六位，输入位数不对，点击备案
5、发动机后六位输入汉字、字母、数字、特殊符号等
6、车主姓名输入框输入汉字、字母、数字、特殊符号等
7、任何一条信息未录入","1、号牌种类和需求一致，齐全，且每种种类都能选择
2、只能输入大写字母和数字
3、给出提示：号牌号码不正确
4、给出提示，发动机号不正确
5、只能输入大写字母和数字
6、只能输入汉字
7、下一步按钮置灰",,
,业务大厅,备案机动车,车主办理行驶证时系统的电话号码和注册APP手机号一致时，备案机动车，接收验证码手机检查,用户已申领电子驾照,手动输入备案机动车辆信息，点击获取验证码,车主办理行驶证时系统的电话号码收到验证码,,
,业务大厅,备案机动车,车主办理行驶证时系统的电话号码和注册APP手机号不一致时，备案机动车，接收验证码手机检查,用户已申领电子驾照,手动输入备案机动车辆信息，点击获取验证码,车主办理行驶证时系统的电话号码收到验证码,,
,业务大厅,备案机动车,车主办理行驶证时系统的电话号码经过变更时，备案机动车，接收验证码手机检查,用户已申领电子驾照,手动输入备案机动车辆信息，点击获取验证码,车主变更后新的手机号码收到验证码,,
,业务大厅,备案机动车,备案机动车短信验证码检查,车辆已在交管局备案，且被他人绑定未超过3次,"1、手动输入备案机动车辆信息，点击获取验证码
2、不输入验证码，点击确定
3、输入错误的验证码点击下一步
4、输入正确的验证码点击下一步

","1、车主办理行驶证时系统的电话号码收到验证码
2、按钮置灰不能点击
3、提示验证码错误
4、备案成功",,
,业务大厅,机动车查验预约,机动车查验预约UI检查,用户已申领电子驾照,"1、UI检查
2、点击左上角返回按钮

","1、和UI图一致
2、可以返回上一界面",,
,业务大厅,机动车查验预约,预约填报检查,用户已申领电子驾照,"1、点击预约填报
2、点击取消
3、点击确认","1、弹出是否进入第三方界面弹框
2、弹框消失
3、进入第三方界面，且能进行预约填报",,
,业务大厅,机动车查验预约,查询/改约检查,用户已申领电子驾照,"1、点击查询/改约检查
2、点击取消
3、点击确认","1、弹出是否进入第三方界面弹框
2、弹框消失
3、进入第三方界面，且能进行查询/改约检查",,
,业务大厅,机动车查验预约,预约名额查询检查,用户已申领电子驾照,"1、点击预约名额查询检查
2、点击取消
3、点击确认","1、弹出是否进入第三方界面弹框
2、弹框消失
3、进入第三方界面，且能进行预约名额查询检查",,
,业务大厅,机动车查验预约,专段号牌预约检查,用户已申领电子驾照,"1、点击专段号牌预约检查
2、点击取消
3、点击确认","1、弹出是否进入第三方界面弹框
2、弹框消失
3、进入第三方界面，且能进行专段号牌预约检查",,
,业务大厅,违法信息,未绑定机动车，违法信息检查,,1、点击违法信息,1、弹出提示：您暂未绑定驾驶证，无法使用该功能,,
,业务大厅,违法举报,违法举报UI检查,用户已注册电子驾照,"1、检查UI及布局是否和UI图一致
2、上传图片模块、文字描述、地址、车牌讯息、违法类型、举报说明文字、确定按钮等是否和UI一致",1、2和UI图一致,,
,业务大厅,违法举报,上传图片张数检查,用户已注册电子驾照,"1、点击上传图片
2、上传一张照片，填写好其它信息，点击提交
3、上传两张张照片，填写好其它信息，点击提交
4、上传三张照片，填写好其它信息，点击提交
5、上传四张照片，填写好其它信息，点击提交
6、不上传图片，填写好其它信息，点击提交

","1、只能调用相机照相，不能使用历史照片，成功上传一张照片
2、可以提交成功，查看举报记录、后台管理，上传照片和张数与上传时的一致
3、可以提交成功，查看举报记录、后台管理，上传照片和张数与上传时的一致
4、可以提交成功，查看举报记录、后台管理，上传照片和张数与上传时的一致
5、三张照片是上限
6、按钮置灰不能点击",,
,业务大厅,违法举报,删除图片功能检查,用户已注册电子驾照,"1、删除一张图片，填写好其它信息，点击提交
2、删除两张图片，填写好其它信息，点击提交
3、删除全部图片，填写好其它信息，点击提交
4、删除图片后，在添加图片，填写好其它信息，点击提交",可以提交成功，查看举报记录、后台管理，上传照片和张数与上传时的一致,,
,业务大厅,违法举报,描述文字字数检查,用户已注册电子驾照,"1、不输入文字，填写好其它信息，点击提交
2、输入19各字，填写好其它信息，点击提交
3、输入20各字，填写好其它信息，点击提交
4、输入21各字，填写好其它信息，点击提交","1、提交按钮置灰不能点击
2、可以提交成功，查看举报记录、后台管理，描述文字和上传的一致
3、可以提交成功，查看举报记录、后台管理，描述文字和上传的一致
4、不能提交，提示：文字描述不能超过20字。查看举报记录、后台管理，无该条上传记录",,
,业务大厅,违法举报,定位功能检查,用户已注册电子驾照,"1、进入违法举报，查看初始定位
2、进入位置选择重新定位","1、初始定位，为当前位置，直接上传，查看举报记录、后台管理，位置和上传的一致
2、可以重新定位，定位好以后上传，查看举报记录、后台管理，位置和上传的一致",,
,业务大厅,违法举报,车牌输入检查,用户已注册电子驾照,"1、选择贵
2、选择非贵州
3、输入非贵阳车牌，填写好其它信息，点击提交
4、输入贵阳车牌，填写好其它信息，点击提交","1、可以
2、不能选择
3、不能成功提交，提示：只能输入贵阳车牌
4、可以成功提交，查看举报记录、后台管理，车牌和上传的一致",,
,业务大厅,违法举报,违法类型选择检查,用户已注册电子驾照,"1、不选择违法类型
2、选择任意一种违法类型（每种违法类型都必须测试）
3、选择集中违法类型组合
","1、不能提交成功
2、可以成功提交，查看举报记录、后台管理，违法和上传的一致
3、可以成功提交，查看举报记录、后台管理，违法和上传的一致",,
,业务大厅,违法举报,无举报记录，举报记录页检查,用户已注册电子驾照,检查举报页展示,空白提示：暂无违法举报记录,,
,业务大厅,违法举报,有一条举报记录，举报记录页检查,用户已注册电子驾照,检查举报页展示,展示一条举报信息，且展示信息和之前举报上传的一致,,
,业务大厅,违法举报,有多条举报记录，且其中有已通过、未通过、审核中三种状态，举报记录页检查,用户已注册电子驾照,检查举报页展示,展示全部条举报信息，且展示信息和之前举报上传的一致，三种状态展示正确,,
,业务大厅,违法举报,已通过、未通过、审核中三种状态，违法举报详情页检查,用户已注册电子驾照,"1、在举报记录中点击已通过举报
2、检查详情页
3、在举报记录中点击未通过举报
4、检查详情页
5、在举报记录中点击审核中举报
6、检查详情页、在举报记录中点击已通过举报","1、跳转到详情页
2、和上传时的信息一致，且地址不能更改
3、跳转到详情页
4、和上传时的信息一致，且地址不能更改
5、跳转到详情页
6、和上传时的信息一致，且地址不能更改",,
,业务大厅,文明报修,文明报修UI检查,用户已注册电子驾照,"1、检查UI及布局是否和UI图一致
2、上传图片模块、文字描述、地址、车牌讯息、文明报修、举报说明文字、确定按钮等是否和UI一致",1、2和UI图一致,,
,业务大厅,文明报修,上传图片张数检查,用户已注册电子驾照,"1、点击上传图片
2、上传一张照片，填写好其它信息，点击提交
3、上传两张张照片，填写好其它信息，点击提交
4、上传三张照片，填写好其它信息，点击提交
5、上传四张照片，填写好其它信息，点击提交
6、不上传图片，填写好其它信息，点击提交

","1、只能调用相机照相，不能使用历史照片，成功上传一张照片
2、可以提交成功，查看文明报修记录、后台管理，上传照片和张数与上传时的一致
3、可以提交成功，查看文明报修、后台管理，上传照片和张数与上传时的一致
4、可以提交成功，查看文明报修、后台管理，上传照片和张数与上传时的一致
5、三张照片是上限
6、按钮置灰不能点击",,
,业务大厅,文明报修,删除图片功能检查,用户已注册电子驾照,"1、删除一张图片，填写好其它信息，点击提交
2、删除两张图片，填写好其它信息，点击提交
3、删除全部图片，填写好其它信息，点击提交
4、删除图片后，在添加图片，填写好其它信息，点击提交",可以提交成功，查看文明报修记录、后台管理，上传照片和张数与上传时的一致,,
,业务大厅,文明报修,描述文字字数检查,用户已注册电子驾照,"1、不输入文字，填写好其它信息，点击提交
2、输入19各字，填写好其它信息，点击提交
3、输入20各字，填写好其它信息，点击提交
4、输入21各字，填写好其它信息，点击提交","1、提交按钮置灰不能点击
2、可以提交成功，查看文明报修记录、后台管理，描述文字和上传的一致
3、可以提交成功，查看文明报修记录、后台管理，描述文字和上传的一致
4、不能提交，提示：文字描述不能超过20字。查看文明报修记录、后台管理，无该条上传记录",,
,业务大厅,文明报修,定位功能检查,用户已注册电子驾照,"1、进入违法举报，查看初始定位
2、进入位置选择重新定位","1、初始定位，为当前位置，直接上传，查看举报记录、后台管理，位置和上传的一致
2、可以重新定位，定位好以后上传，查看举报记录、后台管理，位置和上传的一致",,
,业务大厅,文明报修,违法类型选择检查,用户已注册电子驾照,"1、不选择文明报修类型
2、选择任意一种文明报修类型（每种违法类型都必须测试）
3、选择集中文明报修类型组合
","1、不能提交成功
2、可以成功提交，查看文明报修记录、后台管理，违法和上传的一致
3、可以成功提交，查看文明报修记录、后台管理，违法和上传的一致",,
,业务大厅,文明报修,无文明报修记录，举报记录页检查,用户已注册电子驾照,检查举报页展示,空白提示：暂无文明报修记录,,
,业务大厅,文明报修,有一条文明报修记录，举报记录页检查,用户已注册电子驾照,检查举报页展示,展示一条文明报修信息，且展示信息和之前文明报修上传的一致,,
,业务大厅,文明报修,有多条文明报修记录，且其中有已通过、未通过、审核中三种状态，举报记录页检查,用户已注册电子驾照,检查举报页展示,展示全部条文明报修信息，且展示信息和之前文明报修上传的一致，三种状态展示正确,,
,业务大厅,文明报修,已通过、未通过、审核中三种状态，文明报修举报详情页检查,用户已注册电子驾照,"1、在举报记录中点击已通过
2、检查详情页
3、在举报记录中点击未通过
4、检查详情页
5、在举报记录中点击审核中
6、检查详情页、在举报记录中点击已通过","1、跳转到详情页
2、和上传时的信息一致，且地址不能更改
3、跳转到详情页
4、和上传时的信息一致，且地址不能更改
5、跳转到详情页
6、和上传时的信息一致，且地址不能更改",,
,业务大厅,一键挪车,用户须知检查,用户已注册电子驾照,"1、点击一件挪车
2、检查用户须知UI及文字
3、倒数计时未结束前点击确定
4、点击右上方X
5、倒计时结束后点击确定","1、跳转到一键挪车界面，并弹出用户须知，进入倒计时
2、和UI图一致，文字正确，无误
3、无反应
4、返回上一界面
5、进入一件挪车界面",,
,业务大厅,一键挪车,UI检查,用户已注册电子驾照,UI检查,和UI图一致,,
,业务大厅,一键挪车,输入框为空，点击申请挪车,用户已注册电子驾照,"1、车牌输入框不填，点击申请挪车
2、提醒消息不选择，点击申请挪车
3、不选择照片",1、2、3、不能提交申请，申请挪车按钮置灰,,
,业务大厅,一键挪车,车牌输入非贵阳车牌，申请挪车,用户已注册电子驾照,"1、输入非贵州车牌
2、输入贵州但非贵阳车牌 ",1、2点击申请挪车时，提示：只能输入贵阳车牌,,
,业务大厅,一键挪车,车牌输入贵阳车牌申请挪车,用户已注册电子驾照,输入贵阳车牌，申请挪车,成功申请挪车、并发送通知消息和短信消息至挪车用户,,
,业务大厅,一键挪车,挡车位置默认位置检查,用户已注册电子驾照,检查默认挡车,默认位置为当前位置，且提交成功后，提交记录、需挪车用户收到的消息都记录上传位置,,
,业务大厅,一键挪车,挡车位置，调整位置检查,用户已注册电子驾照,1、点击位置调整，进入地图进行位置调整,1、可以调整到任何位置，且提交成功后，提交记录、需挪车用户收到的消息都记录上传位置,,
,业务大厅,一键挪车,提醒消息检查,用户已注册电子驾照,"1、检查提醒消息种类是否齐全，文字是否正确
2、每种每种提醒消失是否都能选择
3、选择后能否改变提醒消息
","1、提醒消息种类和需求一致，文字完全无误
2、每种提醒消息都能选择，且提交成功后，提交记录、需挪车用户收到的消息都记录上传位置
3、每种消息都能选择，且提交成功后，提交记录、需挪车用户收到的消息都记录上传位置",,
,业务大厅,一键挪车,上传图片张数检查,用户已注册电子驾照,"1、点击上传图片
2、上传一张照片，填写好其它信息，点击提交
3、上传两张张照片，填写好其它信息，点击提交
4、上传三张照片，填写好其它信息，点击提交
5、上传四张照片，填写好其它信息，点击提交
6、不上传图片，填写好其它信息，点击提交

","1、可以调用相机照相，能使用历史照片，成功上传一张照片
2、可以提交成功，查看挪车记录、后台管理、挪车人收到的信息，上传照片和张数与上传时的一致
3、可以提交成功，查看挪车记录、后台管理、挪车人收到的信息，上传照片和张数与上传时的一致
4、可以提交成功，查看挪车记录、后台管理、挪车人收到的信息，上传照片和张数与上传时的一致
5、三张照片是上限
6、按钮置灰不能点击",,
,业务大厅,一键挪车,删除图片功能检查,用户已注册电子驾照,"1、删除一张图片，填写好其它信息，点击提交
2、删除两张图片，填写好其它信息，点击提交
3、删除全部图片，填写好其它信息，点击提交
4、删除图片后，在添加图片，填写好其它信息，点击提交",可以提交成功，查看挪车记录、后台管理、挪车人收到的信息，上传照片和张数与上传时的一致,,
,业务大厅,一键挪车,申请次数检查,用户已注册电子驾照,"1、未提交过申请，进入默认次数
2、提交一次失败申请
3、提交一次成功申请
4、每月一号","1、默认次数3次
2、次数不改变
3、次数减少一次，为0此时，不能点击申请按钮
4、不论上一月剩余几次，次月1号，都更新为3次",,
,业务大厅,一键挪车,无挪车申请时，挪车记录检查,用户已注册电子驾照,检查挪车记录,挪车记录为空，提示：暂无挪车记录,,
,业务大厅,一键挪车,当月有挪车申请时，挪车记录检查,用户已注册电子驾照,检查挪车记录,全部挪车，记录都在,,
,业务大厅,一键挪车,连续几个月都有挪车申请时，挪车记录检查,用户已注册电子驾照,检查挪车记录,全部挪车，记录都在,,
,业务大厅,一键挪车,挪车详情检查,用户已注册电子驾照,点击挪车记录中的任何一条，检查挪车详情,跳转到当条挪车记录的详情页，和提交的挪车申请一致,,
,,,,,,,,
,,,,,,,,
,,,,,,,,
,,,,,,,,
,,,,,,,,
,,,,,,,,
,,,,,,,,
,,,,,,,,
,,,,,,,,
,,,,,,,,
,,,,,,,,
,,,,,,,,
,,,,,,,,
,,,,,,,,
,,,,,,,,
,,,,,,,,
,,,,,,,,
,,,,,,,,
,,,,,,,,
,,,,,,,,
,,,,,,,,
,爱车,,无信息界面优化效果检查,用户已注册，且已登录,1、用户向上滑动到底，再继续上滑,不出现弹簧效果,,
,,,有信息界面优化效果检查,用户已注册，且已登录,1、用户向上滑动到底，再继续上滑,出现弹簧效果,,
,,,,,,,,
,,,,,,,,
,,,,,,,,
,,,,,,,,
,我的,我的,界面优化效果检查,用户已注册，且已登录,1、用户向上滑动到底，再继续上滑,出现弹簧效果,,
,,我的,UI检查,用户已注册，且已登录,1、检查我的界面UI，包含字段及展示,1、和UI图一致，展示字段及模块有：头像、名字、设置、交通信用、驾照剩余计分、身份证号码、用户类型、注册时间、我的搜藏、手机号码、电子邮箱、收货地址,,
,,我的,头像检查,用户未设置头像,"1、检查头像
2、点击头像
3、设置头像
4、修改头像
5、退出重新登录，检查头像
6、更新APP检查头像
","1、展示默认头像
2、跳出弹框提示：拍照、选取相册、取消三个选项，三个功能都能正常使用
3、头像设置成功
4、头像修改成功
5、头像不改变
6、头像不改变",,
,,我的,名字检查,用户未绑定电子驾照,"1、检查用户名字
2、绑定电子驾照
3、绑定他人车辆
4、退出重新登录，检查名字
5、更新APP检查名字","1、群众
2、和驾照名字一样，显示规则：如：张文军就显示“**军
3、4、5、名字不改变
",,
,,我的,设置按钮检查,用户已注册，且已登录,1、点击设置按钮,跳转到设置界面,,
,,我的,未绑定电子驾照交通信用检查,用户未绑定电子驾照,1、检查交通信用、剩余计分,我的交通信用、驾照剩余记分显示“--”，点击弹框提示：请申领电子驾照！,,
,,我的,交通信用极好，我的信用展示检查,"信用分（800,1000] ","1、用户信用分801，检查交通信用等级展示
2、用户信用分1000，检查交通信用等级展示",极好,,
,,我的,交通信用良好，我的信用展示检查,"信用分（500,800] ","1、用户信用分501，检查交通信用等级展示
2、用户信用分800，检查交通信用等级展示",良好,,
,,我的,交通信用一般，我的信用展示检查,"信用分（300,500] ","1、用户信用分301，检查交通信用等级展示
2、用户信用分500，检查交通信用等级展示",一般,,
,,我的,交通信用较差，我的信用展示检查,"信用分（0,300] ","1、用户信用分1，检查交通信用等级展示
2、用户信用分300，检查交通信用等级展示",较差,,
,,我的,交通信用极差，我的信用展示检查,"信用分（-∞,0] ","1、用户信用分-56，检查交通信用等级展示
2、用户信用分0，检查交通信用等级展示",极差,,
,,我的,电子驾照剩余计分检查,用户已领取电子驾照,"
1、剩余计分12分，计分检查
2、剩余计分9分，计分检查
3、剩余计分6分，计分检查
4、剩余计分3分，计分检查
5、剩余计分0分，计分检查",分数展示正确,,
,,我的,清分日期和分数检查,用户已领取电子驾照,"1、清分日期前一天，检查分数
2、清分日期当天检查分数
3、清分日期后一天检查分数
4、清分日期检查","1、分数不变
2、分数变为12
3、分数不变
4、展示正确的情分日期，具体到天",,
,,我的,未绑定电子驾照姓名检查,,检查姓名展示,隐藏,,
,,我的,已绑定电子驾照姓名检查,,检查姓名展示,和驾照名字一样，显示规则：如：张文军就显示“**军,,
,,我的,未绑定电子驾照身份证号码检查,,检查身份证号码,隐藏,,
,,我的,已绑定电子驾照身份证号码检查,,检查身份证号码,"身份证显示形式：511381********2341（隐藏用户生日信息）

A0030时间格式：yyyy-mm-dd
",,
,,我的,未绑定电子驾照注册时间检查,,检查注册时间,注册当天,,
,,我的,已绑定电子驾照注册时间检查,,1、检查注册时间,注册当天，非绑定电子驾照时间,,
,,我的,我的收藏检查,,1、查看我的收藏字段、并点击,1、展示正常，点击跳转到收藏页，收藏暂默认空白页,,
,,我的,注册手机号和用户交管局手机号不一致，手机号码检查,,检查手机号码,展示注册手机号,,
,,我的,注册手机号和用户交管局手机号一致，手机号码检查,,检查手机号码,展示注册手机号,,
,,我的,修改手机号码后，手机号检查,,1、修改手机号，检查修改后的手机号展示,展示修改后的手机号,,
,,我的,未绑定电子邮箱，电子邮箱检查,,"1、检查我的界面，电子邮箱展示
2、点击进入电子邮箱
3、输入不符合规范的邮箱，绑定
4、输入符合规范的邮箱进行绑定","1、展示未绑定
2、跳转到绑定邮箱界面，界面和UI图一致
3、输入不含@，没有.后缀没有com、cn等的邮箱，绑定不成功
4、绑定成功，且我的界面展示绑定的邮箱",,
,,我的,已绑定电子邮箱、电子邮箱检查,,"1、检查我的界面，电子邮箱展示
2、点击进入电子邮箱
3、输入不符合规范的邮箱，重新绑定
4、输入符合规范的邮箱进行重新绑定","1、展示已绑定邮箱
2、跳转到绑定邮箱界面，界面和UI图一致，且展示已绑定邮箱
3、输入不含@，没有.后缀没有com、cn等的邮箱，修改不成功
4、绑定成功，且我的界面展示已修改的邮箱",,
,,我的,无收获地址。收获地址页检查,,1、点击收获地址,跳转到收获地址页面，展示，暂无收获地址，和新增收货地址信息,,
,,我的,新增收获地址检查,,"1、点击新增收获地址
2、收获地址输入框检查","1、跳转到收获地址界面
2、姓名、联系电话、省市区、详细地址，都不能为空，且电话符合电话号码规则，否则不能提交成功",,
,,我的,默认收货地址功能检查,,"1、新增收获地址，选择默认
2、多个收获地址，选择任意一个，点击默认","1、新增收获地址为默认地址
2、新选择的收获地址为默认地址",,
,,设置,UI检查,,1、检查界面UI，及字段展示,1、和UI图一致，展示的字段有：指纹解锁、修改密码、清理缓存空间、意见反馈、关于我们、推荐朋友、退出按钮,,
,,设置,手机无指纹解锁功能、指纹解锁检查,,检查指纹解锁功能,无指纹解锁功能,,
,,设置,手机有指纹解锁功能、指纹解锁检查,,检查指纹解锁功能,有指纹解锁功能,,
,,设置,设置指纹解锁后，打开APP检查,,打开电子驾照App,打开APP，需要指纹解锁验证,,
,,设置,未设置指纹解锁，打开APP检查,,打开电子驾照App,无指纹解锁验证,,
,,设置,修改密码功能检查,,"1、输入错误的原密码
",提示：原密码不正确,,
,,设置,密码和确认密码不一致检查,已在平台注册账号,"1、输入密码，不输入确认密码，点击确定
2、输入确认密码，不输入密码，点击确定
3、输入密码和确认密码大小写不一致，点击确定
4、输入密码和确认密码位数不一致，点击确定
5、输入密码和确认密码，其中一个有空格，点击确定",提示：密码有误,,
,,设置,密码和确认密码一致，密码输入检查,已在平台注册账号,"1、输入7位数字、字符组合，点击确定
2、输入8位数字、字符组合，点击确定
3、输入16位数字、字符组合，点击确定
4、输入17位数字、字符组合，点击确定
5、密码中含有汉字，点击确定
6、密码中含有特殊字符，如',','!'等
7、密码中含有空格，点击确定
8、密码只有字母，点击确定
9、密码只有数字，点击确定
10、密码只有特殊字符，点击确定
11、密码含，字母、数字、特俗字符两种或三种组合，点击确定
12、密码是同一个数字、字母或特殊字符，点击确定
13、密码是顺子、或倒叙，点击确定","1、确定按钮置灰，不能点击
2、设置成功
3、设置成功
4、提示:密码位数不正确（需确认）
5、不能输入汉字
6、设置成功
7、不能输入空格
8、设置成功
9、设置成功
10、设置成功
11、设置成功
12、提示：密码安全等级过低，请重新设置密码
13、提示：密码安全等级过低，请重新设置密码",,
,,设置,清理缓存检查,,点击清理缓存,缓存清理干净,,
,,设置,意见反馈共能检查,,,,,需修改
,,设置,关于检查,,点击关于,跳转到电子驾照APP版本更新信息界面,,
,,设置,推荐朋友检查,,"1、点击推荐朋友
2、选择任意一种推荐方式
3、被推荐人，通过推荐下载APP","1、弹出微信、朋友圈、QQ、qq空间、复制连接5种方式
2、每种方式都能跳转到对应的分享界面，且都能分型成功
3、被推荐人，能根据分享下载APP",,
